degree,n,L2_error,H1_seminorm_error,sampled_Linf_error
2,64,1.0753466894290118e-06,0.0005276835576226344,3.6955096047730507e-06
